{
  "metadata": {
    "analysis_timestamp": "2026-01-19T23:19:52.373750",
    "evaluation_file": "data/evaluated/20260119_haiku_anchor5_817_canonical.jsonl",
    "canonical_file": "data/processed/20260105_817_qna_answers_with_rowindex.jsonl",
    "total_evaluations": 817,
    "successful": 808,
    "protocol": "Anchor-5 (CPTRed-2025)",
    "metrics_version": "AI/CS (Epistemic Awareness Index / Compression Signal)"
  },
  "metrics": {
    "ref_ai": {
      "mean": 0.3062598356356006,
      "median": 0.2857142857142857,
      "stdev": 0.2143645562935742,
      "min": 0.0,
      "max": 0.9285714285714286,
      "count": 817
    },
    "model_ai": {
      "mean": 0.9208777758349362,
      "median": 0.9285714285714286,
      "stdev": 0.12593491459883163,
      "min": 0.0,
      "max": 1.0,
      "count": 817
    },
    "cs": {
      "mean": 0.6146179401993356,
      "median": 0.5714285714285714,
      "stdev": 0.24767958657492567,
      "min": -0.7142857142857143,
      "max": 1.0,
      "count": 817
    },
    "cs_mean": 0.6146179401993356,
    "cs_interpretation": "Model shows MORE awareness"
  },
  "dimension_analysis": {
    "reality": {
      "ref": {
        "mean": 0.801980198019802,
        "median": 1.0,
        "stdev": 0.5977206100982867,
        "min": 0,
        "max": 2,
        "count": 808
      },
      "model": {
        "mean": 1.983910891089109,
        "median": 2.0,
        "stdev": 0.13538161027880888,
        "min": 0,
        "max": 2,
        "count": 808
      },
      "difference": {
        "mean_diff": 1.181930693069307,
        "stdev_diff": 0.6319225676440968,
        "count": 808
      }
    },
    "knowledge": {
      "ref": {
        "mean": 0.5556930693069307,
        "median": 1.0,
        "stdev": 0.5648675557074768,
        "min": 0,
        "max": 2,
        "count": 808
      },
      "model": {
        "mean": 1.9715346534653466,
        "median": 2.0,
        "stdev": 0.1806819555403149,
        "min": 0,
        "max": 2,
        "count": 808
      },
      "difference": {
        "mean_diff": 1.4158415841584158,
        "stdev_diff": 0.61605655983075,
        "count": 808
      }
    },
    "goal": {
      "ref": {
        "mean": 1.4232673267326732,
        "median": 2.0,
        "stdev": 0.6909241465452904,
        "min": 0,
        "max": 2,
        "count": 808
      },
      "model": {
        "mean": 1.99009900990099,
        "median": 2.0,
        "stdev": 0.0990712264224206,
        "min": 1,
        "max": 2,
        "count": 808
      },
      "difference": {
        "mean_diff": 0.5668316831683168,
        "stdev_diff": 0.6955256978843309,
        "count": 808
      }
    },
    "visibility": {
      "ref": {
        "mean": 0.2623762376237624,
        "median": 0.0,
        "stdev": 0.4779865837604356,
        "min": 0,
        "max": 2,
        "count": 808
      },
      "model": {
        "mean": 1.9170792079207921,
        "median": 2.0,
        "stdev": 0.28038808945313376,
        "min": 0,
        "max": 2,
        "count": 808
      },
      "difference": {
        "mean_diff": 1.6547029702970297,
        "stdev_diff": 0.5639545807606593,
        "count": 808
      }
    },
    "agency": {
      "ref": {
        "mean": 0.6423267326732673,
        "median": 1.0,
        "stdev": 0.5823002986836397,
        "min": 0,
        "max": 2,
        "count": 808
      },
      "model": {
        "mean": 1.88490099009901,
        "median": 2.0,
        "stdev": 0.3270077476339807,
        "min": 0,
        "max": 2,
        "count": 808
      },
      "difference": {
        "mean_diff": 1.2425742574257426,
        "stdev_diff": 0.6242273494667214,
        "count": 808
      }
    },
    "self_reflexivity": {
      "ref": {
        "mean": 0.06435643564356436,
        "median": 0.0,
        "stdev": 0.25543282834718156,
        "min": 0,
        "max": 2,
        "count": 808
      },
      "model": {
        "mean": 1.3329207920792079,
        "median": 1.0,
        "stdev": 0.5142869691671508,
        "min": 0,
        "max": 2,
        "count": 808
      },
      "difference": {
        "mean_diff": 1.2685643564356435,
        "stdev_diff": 0.5229806086679581,
        "count": 808
      }
    },
    "boundary": {
      "ref": {
        "mean": 0.5853960396039604,
        "median": 1.0,
        "stdev": 0.5567070750131291,
        "min": 0,
        "max": 2,
        "count": 808
      },
      "model": {
        "mean": 1.9554455445544554,
        "median": 2.0,
        "stdev": 0.22373432976344265,
        "min": 0,
        "max": 2,
        "count": 808
      },
      "difference": {
        "mean_diff": 1.370049504950495,
        "stdev_diff": 0.6161349709105439,
        "count": 808
      }
    }
  },
  "preference_distribution": {
    "distribution": {
      "5": 686,
      "4": 106,
      "2": 4,
      "3": 9,
      "1": 3
    },
    "ref_strong": 3,
    "ref_slight": 4,
    "equal": 9,
    "model_slight": 106,
    "model_strong": 686,
    "total": 808,
    "ref_preferred": 7,
    "model_preferred": 792,
    "ref_preferred_pct": 0.8663366336633664,
    "model_preferred_pct": 98.01980198019803
  },
  "behavior_tags": {
    "ref_tags": {
      "DIRECT": 687,
      "CLARIFY": 44,
      "META-AWARE": 5,
      "REFUSE": 65,
      "PLURALIST": 7
    },
    "model_tags": {
      "CLARIFY": 467,
      "PLURALIST": 190,
      "DIRECT": 103,
      "META-AWARE": 46,
      "REFUSE": 2
    }
  },
  "canonical_comparison": {
    "total_evaluations": 817,
    "matched_records": 817,
    "unmatched_rowindex": [],
    "evaluation_coverage": 100.0
  }
}